{
    "foreground_intensity_properties_per_channel": {
        "0": {
            "max": 3801.0,
            "mean": 415.03070068359375,
            "median": 301.0,
            "min": 0.0,
            "percentile_00_5": 36.0,
            "percentile_99_5": 2249.0,
            "std": 392.2879333496094
        }
    },
    "median_relative_size_after_cropping": 0.9922027587890625,
    "shapes_after_crop": [
        [
            176,
            255,
            255
        ],
        [
            255,
            255,
            192
        ],
        [
            255,
            255,
            192
        ],
        [
            255,
            255,
            192
        ],
        [
            255,
            255,
            192
        ],
        [
            255,
            255,
            192
        ],
        [
            349,
            506,
            256
        ],
        [
            176,
            510,
            510
        ],
        [
            80,
            1024,
            765
        ],
        [
            255,
            255,
            192
        ],
        [
            255,
            255,
            192
        ],
        [
            255,
            255,
            192
        ],
        [
            255,
            255,
            192
        ],
        [
            255,
            255,
            192
        ],
        [
            255,
            255,
            192
        ],
        [
            512,
            512,
            340
        ],
        [
            255,
            255,
            192
        ],
        [
            512,
            512,
            340
        ],
        [
            255,
            255,
            192
        ],
        [
            255,
            239,
            192
        ],
        [
            255,
            255,
            192
        ],
        [
            255,
            255,
            192
        ],
        [
            255,
            255,
            192
        ],
        [
            255,
            255,
            192
        ],
        [
            255,
            255,
            192
        ],
        [
            254,
            222,
            192
        ],
        [
            255,
            255,
            192
        ],
        [
            255,
            255,
            192
        ],
        [
            309,
            506,
            255
        ],
        [
            480,
            480,
            365
        ],
        [
            255,
            255,
            192
        ],
        [
            255,
            255,
            192
        ],
        [
            255,
            231,
            192
        ],
        [
            255,
            255,
            192
        ],
        [
            255,
            255,
            192
        ],
        [
            176,
            255,
            255
        ],
        [
            255,
            255,
            192
        ],
        [
            255,
            255,
            192
        ],
        [
            255,
            255,
            192
        ],
        [
            255,
            255,
            192
        ],
        [
            328,
            254,
            256
        ],
        [
            255,
            255,
            192
        ],
        [
            255,
            255,
            192
        ],
        [
            255,
            255,
            192
        ],
        [
            328,
            253,
            256
        ],
        [
            255,
            255,
            192
        ],
        [
            255,
            255,
            192
        ],
        [
            255,
            255,
            192
        ],
        [
            255,
            255,
            192
        ],
        [
            255,
            255,
            192
        ],
        [
            255,
            255,
            192
        ],
        [
            176,
            256,
            255
        ],
        [
            176,
            255,
            255
        ],
        [
            255,
            255,
            192
        ],
        [
            96,
            505,
            451
        ],
        [
            255,
            255,
            192
        ],
        [
            255,
            255,
            192
        ],
        [
            255,
            255,
            192
        ],
        [
            255,
            255,
            192
        ],
        [
            255,
            255,
            192
        ],
        [
            255,
            255,
            192
        ],
        [
            255,
            223,
            160
        ],
        [
            255,
            255,
            160
        ],
        [
            255,
            239,
            160
        ],
        [
            255,
            253,
            180
        ],
        [
            255,
            255,
            160
        ],
        [
            255,
            255,
            192
        ],
        [
            255,
            255,
            208
        ],
        [
            176,
            255,
            255
        ],
        [
            176,
            255,
            255
        ],
        [
            255,
            247,
            192
        ],
        [
            255,
            247,
            192
        ],
        [
            255,
            255,
            192
        ],
        [
            255,
            255,
            192
        ],
        [
            255,
            247,
            192
        ],
        [
            255,
            247,
            192
        ],
        [
            176,
            255,
            255
        ],
        [
            255,
            239,
            192
        ],
        [
            176,
            255,
            255
        ],
        [
            176,
            255,
            255
        ],
        [
            176,
            255,
            255
        ],
        [
            176,
            255,
            255
        ],
        [
            176,
            255,
            255
        ],
        [
            176,
            255,
            255
        ],
        [
            176,
            255,
            255
        ],
        [
            176,
            255,
            255
        ],
        [
            176,
            255,
            255
        ],
        [
            319,
            319,
            240
        ],
        [
            176,
            255,
            255
        ],
        [
            255,
            239,
            176
        ],
        [
            192,
            255,
            255
        ],
        [
            144,
            510,
            510
        ],
        [
            144,
            254,
            254
        ],
        [
            255,
            255,
            192
        ],
        [
            255,
            255,
            192
        ],
        [
            255,
            255,
            176
        ],
        [
            255,
            255,
            192
        ],
        [
            254,
            254,
            192
        ],
        [
            255,
            255,
            192
        ],
        [
            150,
            250,
            180
        ],
        [
            340,
            253,
            256
        ],
        [
            255,
            255,
            192
        ],
        [
            255,
            255,
            192
        ],
        [
            255,
            255,
            192
        ],
        [
            255,
            239,
            192
        ],
        [
            255,
            239,
            192
        ],
        [
            255,
            239,
            192
